,lang,author_id,created_at,text,id
0,en,1185078770488598528,2022-07-06T13:52:33.000Z,"The Web Developer Bootcamp 2022 Courses &gt; 
https://t.co/WTUUIog1br

#udemy #coupons #webdevelopment #javascript30 #bootstrap4 #css3 #React #Nodejs #Angular #PHP #HTML5 #WordPress #vuejs #Redux #Django #Python #100DaysOfCode",1544680703723720705
1,en,845380769828802561,2022-07-06T13:51:27.000Z,"We deliver unique work üí∞   
 üêø DM for value-based services  
 #Math 
 #python 
 #Math 
 #Case study
 #Philosophy  
 #100DaysOfCode
 #Case study 
 #Paper pay
 #homework 
 #100DaysOfCode 
 #essaywrite 
 #Philosophy  
 @martinmut5 https://t.co/vSulXotC0b",1544680430066073600
2,en,930829216408420352,2022-07-06T13:50:51.000Z,"I'm  legit to offer you A grade in your
‚úìnursing
‚úìessays
‚úìchemistry
‚úìfinance
‚úìphysics
‚úìbiology.
‚úìphysics.
‚úìchemistry.
‚úìalgebra
‚úìessay pay .
Assignment due .
#100DaysOfCode
#WomenWhoCode.
#javascript
#Python
Summer chemistry @agradewriters_",1544680276382650369
3,en,845380769828802561,2022-07-06T13:50:27.000Z,"Looking for a tutor to take your final exams?
Get online class #Assignmenthelp
#Paperpay
#python
#homework
#Onlineclass
#Essaypay
#100DaysOfCode
#Econometrics
#Math
#homework
#essaywrite
#Casestudy
#javascript
#Homework
#Philosophy

#essayhelp
#nickiday #NFLnaESPN #ASUTwitter https://t.co/cxxMyXxWxa",1544680175908028416
4,en,1535217575298093056,2022-07-06T13:50:21.000Z,"Day 6 : Python
Learnt : Functions and while loop :)
Built : Escaping the maze.
Try to help the bot clear the maze by your coding skills.üëá
https://t.co/RScmsfDI1M
#100DaysOfCode #pythonprogramming #Python #pythonlearning 
@LondonAppBrewer @yu_angela https://t.co/CXdJPpE4I7",1544680152424099841
5,en,1332714745871421443,2022-07-06T13:50:00.000Z,"NEED a #JOB?
Sign up now https://t.co/o7lVlsl75X
FREE. NO MIDDLEMAN
#AI #Transport #Python #coding #SelfDrivingCars #100DaysOfCode #digitalart #Industry40 #tech #Robotics #NFTs #cryptocurrency #GameFi #WEB3 #DeFi #DAOs #Metaverse #nftart #HR #Webb #BTC #ETH #Meta #NFT #gamedev https://t.co/9GqTljxZSN",1544680062322106369
6,en,845380769828802561,2022-07-06T13:49:45.000Z,"We are legit to offer you A grade in your
‚úìnursing
‚úìessays
‚úìchemistry
‚úìfinance
‚úìphysics
‚úìbiology.
‚úìphysics.
‚úìchemistry.
‚úìalgebra
‚úìcalculus
‚úìessay pay.
Assignment due .
#100DaysOfCode
#WomenWhoCode.
#javascript
#Python
#Serverless
#Asu #IoT
@martinmut5 https://t.co/pwh8E1Yxyf",1544679998996578308
7,en,1185559720339394561,2022-07-06T13:48:53.000Z,"I'm  legit to offer you A grade in your
‚úìnursing
‚úìessays
‚úìchemistry
‚úìfinance
‚úìphysics
‚úìbiology.
‚úìphysics.
‚úìchemistry.
‚úìalgebra
‚úìessay pay.
Assignment due .
#100DaysOfCode
#WomenWhoCode.
#javascript
#Python
Summer chemistry @LegitWriters1",1544679783191248898
8,en,165329952,2022-07-06T13:48:46.000Z,Data Fusion #100DaysOfCode #100daysofcodechallenge #100DaysOfHacking #100DaysOfWeb3 #DataScience #data #Datavisualization #CyberSecurityAwareness #CyberSec #Python #pythonprogramming #Python3 #pythonlearning #javascript #Java #ArtificialIntelligence #Linux https://t.co/NjPNgmePLu,1544679752295931904
9,en,845380769828802561,2022-07-06T13:48:21.000Z,"I'm  legit to offer you A grade in your
‚úìnursing
‚úìessays
‚úìchemistry
‚úìfinance
‚úìphysics
‚úìbiology.
‚úìphysics.
‚úìchemistry.
‚úìalgebra
‚úìessay pay.
Assignment due .
#100DaysOfCode
#WomenWhoCode.
#javascript
#Python
Summer chemistry @martinmut5 https://t.co/DCbEsIDSGJ",1544679648507973632
10,en,1196352980628447232,2022-07-06T13:48:09.000Z,"Guaranteed A's in:
#Essays
Exams
Sociology
Thesis
English
Assignment
Homework due
stats
Term paper
PHYSICS
Chemistry
Project
History 
Onlineclass
Biology
Psychology
#AI
#WomenWhoCode
#100DaysOfCode
#javascript
#coding
#Analytics
#programming #DataScience
#Python",1544679596053913601
11,en,1949360875,2022-07-06T13:48:05.000Z,"Interested in an #audio #production #workstation? Download AV Linux MX Edition, today Jul 6, 2022: https://t.co/tEg65Fb20n | #Retweet #rtitbot #AI '@BlazedRTs '@RexRTs '@sme_rt #Linux #OpenSource #python #coding #100daysofcode #sound #design | https://t.co/LgymKU65rL",1544679582883880972
12,en,1543161385898713088,2022-07-06T13:47:09.000Z,"Register today and get up to 87% off all courses. 
üëá
https://t.co/jcHCLYCPaS 
#creativecoding #coding #css #facebookads #Javascript #ReactJS #blender3d #python #AE #Java #tienda #100DaysOfCode #gamedev #openSource #dataScience  #animation #cinema4d https://t.co/4e9gPDndEU",1544679347965001732
13,en,845380769828802561,2022-07-06T13:46:27.000Z,"Hello reach out incase you need help with course work 
Weekly assignments 
üìñDiscussions
üì†Online classes 
üìÜResearch paper
üóÑÔ∏èMidterm and final exam
#essayhelp
#Exams
#100DaysOfCode
#Python
#codinglife
#javascript
#programming 
#Assignmentdue 
@martinmut5 https://t.co/CLy8n5JUDW",1544679170969669633
14,en,1543384902485377025,2022-07-06T13:46:13.000Z,"#Data Structure Cheat Sheet via Rohan Paul! üôÉ

#100DaysofCode #AI #Analytics #BigData #Coding #Cybersecurity #DataScience #DataScientist #GitHub #golang  #JavaScript #Linux #MachineLearning #MLOps #NLP #NodeJS #Programming #Python #ReactJS #RStats #Serverless #SQL #TensorFlow https://t.co/FGpACCyW7l",1544679109686591489
15,en,1528856711725031425,2022-07-06T13:46:02.000Z,"#networking #programming #100daysofcode #networks #automation #python #coding #systemadministration
Network Automation Cookbook: Proven and actionable recipes to automate and manage network devices using Ansible
https://t.co/CTv1ayTMZc",1544679065269014528
16,en,845380769828802561,2022-07-06T13:45:47.000Z,"This Summer, let's handle your:-
#Assignments
#Calculus
#Homework
#Summerclasses
#Onlineclass
#Finance
#Accounting
#Essaydue
#Engineering
#Music
#Art
#Law
#Javascript
#Python
#Programming
#CodeNewbies 
#100daysofcode
#Webdevelopment 
#Datascience
@martinmut5 https://t.co/1zry4H4txB",1544679001972789248
17,en,1185452957325619200,2022-07-06T13:45:30.000Z,"JavaScript: The Advanced Concepts (2022 Update) -&gt; https://t.co/v40yK04mJa

#udemy #coupons #webdevelopment #javascript30 #bootstrap4 #css3 #React #Nodejs #Angular #PHP #HTML5 #WordPress #vuejs #Redux #Django #Python #100DaysOfCode",1544678930753667072
18,en,1185452957325619200,2022-07-06T13:44:59.000Z,"Complete guide to building an app with .Net Core and React -&gt; https://t.co/RD7g8FIYRK

#udemy #coupons #webdevelopment #javascript30 #bootstrap4 #css3 #React #Nodejs #Angular #PHP #HTML5 #WordPress #vuejs #Redux #Django #Python #100DaysOfCode",1544678800356966400
19,en,845380769828802561,2022-07-06T13:44:36.000Z,"Guaranteed A's in:
#Essays
Exams
Sociology
Thesis
English
Assignment
Homework due
stats
Term paper
PHYSICS
Chemistry
Project
History 
Onlineclass
Biology
Psychology
#AI
#WomenWhoCode
#100DaysOfCode
#javascript
#coding
#Analytics
#programming #DataScience
#Python
#Serverless https://t.co/cDXGkflD6N",1544678703095025665
20,en,1185452957325619200,2022-07-06T13:44:01.000Z,"PHP: Complete Login and Registration System with PHP &amp; MYSQL -&gt; https://t.co/kv6oqe1CRF

#udemy #coupons #webdevelopment #javascript30 #bootstrap4 #css3 #React #Nodejs #Angular #PHP #HTML5 #WordPress #vuejs #Redux #Django #Python #100DaysOfCode",1544678559096393729
21,en,845380769828802561,2022-07-06T13:43:48.000Z,"For quality assignment help
DM us
Essays
Exams
Homework
Biology
Chemistry
English
#FALLSEMESTER 
Ecology
Anatomy
#MachineLearning  #DataScience #5G #100DaysOfCode
#Python #Cybersecurity #BigData #AI #IoT #DeepLearning
#ArtificialIntelligence
 #NLP #robots  #javascript @martinmut5 https://t.co/MzCw7zx5KF",1544678501000908800
22,en,100439822,2022-07-06T13:43:31.000Z,"Let me use this pc while master is away! üôÉ
#CodeNewbie #Coding #Python #Java #javascript30 #programming #EdtechByMeera #programminghumor #100DaysOfCode #freeCodeCamp #womenWhoCode https://t.co/67eCPaHJfl",1544678432109637632
23,en,1185452957325619200,2022-07-06T13:43:15.000Z,"Modern React with Redux -&gt; https://t.co/WENVY6HCrr

#udemy #coupons #webdevelopment #javascript30 #bootstrap4 #css3 #React #Nodejs #Angular #PHP #HTML5 #WordPress #vuejs #Redux #Django #Python #100DaysOfCode",1544678366204542977
24,en,1326439337744011264,2022-07-06T13:42:32.000Z,"@DonaldJTrumpJr SD Card/Data Recovery:
Retrieve your deleted videos, audios and photos very easily
#programming #coding #women #100DaysOfCode #javascript #Python #WomenWhoCode #Futter¬†¬† #opensource #datasecurity #cybersecurity #MachineLearning #SQL
App Link Below:
https://t.co/PUhSNIl6cu",1544678183416393729
25,en,21967062,2022-07-06T13:42:28.000Z,"HERE are all the Data Structures in #Python üíöüêç

#MachineLearning #DataScience #SQL #Cybersecurity #BigData #AI #Python #JavaScript #DataScientist #Linux #techedcs #100DaysofCode #womenintech https://t.co/lz7H7kyTbP",1544678167746646022
26,en,1326439337744011264,2022-07-06T13:42:13.000Z,"@HwanniePromotes SD Card/Data Recovery:
Retrieve your deleted videos, audios and photos very easily
#programming #coding #women #100DaysOfCode #javascript #Python #WomenWhoCode #Futter¬†¬† #opensource #datasecurity #cybersecurity #MachineLearning #SQL
App Link Below:
https://t.co/PUhSNIl6cu",1544678105612107776
27,en,1326439337744011264,2022-07-06T13:41:43.000Z,"@FabrizioRomano SD Card/Data Recovery:
Retrieve your deleted videos, audios and photos very easily
#programming #coding #women #100DaysOfCode #javascript #Python #WomenWhoCode #Futter¬†¬† #opensource #datasecurity #cybersecurity #MachineLearning #SQL
App Link Below:
https://t.co/PUhSNIl6cu",1544677980303085568
28,en,1326439337744011264,2022-07-06T13:41:30.000Z,"@SkylerFleur SD Card/Data Recovery:
Retrieve your deleted videos, audios and photos very easily
#programming #coding #women #100DaysOfCode #javascript #Python #WomenWhoCode #Futter¬†¬† #opensource #datasecurity #cybersecurity #MachineLearning #SQL
App Link Below:
https://t.co/PUhSNIl6cu",1544677925563224064
29,en,1326439337744011264,2022-07-06T13:41:18.000Z,"@CryptoKing1st SD Card/Data Recovery:
Retrieve your deleted videos, audios and photos very easily
#programming #coding #women #100DaysOfCode #javascript #Python #WomenWhoCode #Futter¬†¬† #opensource #datasecurity #cybersecurity #MachineLearning #SQL
App Link Below:
https://t.co/PUhSNIl6cu",1544677875466457088
30,en,1332714745871421443,2022-07-06T13:40:00.000Z,"NEED a #JOB?
Sign up now https://t.co/o7lVlsl75X
FREE. NO MIDDLEMAN
#AI #Transport #Python #coding #SelfDrivingCars #100DaysOfCode #digitalart #Industry40 #tech #Robotics #NFTs #cryptocurrency #GameFi #WEB3 #DeFi #DAOs #Metaverse #nftart #HR #Webb #BTC #ETH #Meta #NFT #gamedev https://t.co/S9lR3r5ep6",1544677545961996288
31,en,134434122,2022-07-06T13:39:39.000Z,"#FEATURED #COURSES
Complete #Python #Developer in 2022: Zero to Mastery
How to become a #Python3 Developer and get hired
Build 12+ projects
learn #Web #Development
#Machine #Learning + more
https://t.co/vRkg9EK8Sw
#CodeNewbies #100DaysOfCode #webdevelopment #WomenWhoCode #online https://t.co/VSd8C9Gvic",1544677459156672513
32,en,1528856711725031425,2022-07-06T13:39:24.000Z,"Web Application Development with Streamlit: Develop and Deploy Secure and Scalable Web Applications to the Cloud Using a Pure Python Framew‚Ä¶ 
#python3 #programming #socialmedia #cloudcomputing #100daysofcode #appdevelopment #coding
 
https://t.co/QeHdMXXUSN",1544677396955152384
33,en,1387041758463156232,2022-07-06T13:38:27.000Z,"40 Project Idea's for Web Developer's
#MachineLearning #DataScience #SQL #Cybersecurity #BigData #Analytics #AI #Python #TensorFlow #JavaScript #ReactJS  #Serverless #DataScientist  #Programming #Coding #100DaysofCode #Webdeveloper #webdev https://t.co/w7tWfbTiTY",1544677154570764288
34,en,1229991659812704257,2022-07-06T13:37:43.000Z,"‚úÖ Part 1 : These Kaggle notebooks helped me immensely in sky rocketing my data science and ML learning journey --

https://t.co/pqq3mrOgG7

#Python #DataScience #MachineLearning #DataScientist #Programming #Coding #100DaysofCode #hubofml #visualization #NLP",1544676972038479872
35,qme,165329952,2022-07-06T13:36:25.000Z,#ArtificialIntelligence #AI #ML #MachineLearning #DataScientists #CodeNewbies #deeplearning  #nocode #Python #Coding #javascript #100DaysOfCode #programming #SQL #MLOps #DataScientist #DataScience #startup #nikseam #MSME #nse #BSE #lead #marketing #sales https://t.co/lRzdJ8Jz4g,1544676646199894017
36,en,165329952,2022-07-06T13:35:53.000Z,#Infographic The Life of a Scientist #Python #MachineLearning #DataScience #BigData #Analytics #JavaScript #ReactJS #CloudComputing #Serverless #DataScientist #Linux #Programming #Coding #NLP #webdevelopment #100DaysOfCode #ArtificialIntelligence #Python3 https://t.co/KjurD5OBZY,1544676509557968896
37,en,165329952,2022-07-06T13:35:04.000Z,Artificial intelligence in the driving seat - more here: #AI #DataScience #100DaysOfCode #Python #MachineLearning #BigData #DeepLearning #NLP #Robots #IoT https://t.co/UYwUDa6LFO,1544676307186884609
38,en,1187347536341688320,2022-07-06T13:34:48.000Z,"Coupons Discount - Build a Stock Market Web App With Python and Django Courses -&gt; https://t.co/iEKpHSGo1g

#udemy #Free #webdevelopment #javascript #NodeJs #React #Angular #vuejs #bootstrap #Laravel #PHP #html #CSS #WordPress #Redux #Django #Python #Vuex #100DaysOfCode https://t.co/7gF1UiwSrt",1544676237544529922
39,en,1187347536341688320,2022-07-06T13:33:11.000Z,"Coupons Discount - Vue JS Essentials with Vuex and Vue Router Courses -&gt; https://t.co/dR7fxT5yZ0

#udemy #Free #webdevelopment #javascript #NodeJs #React #Angular #vuejs #bootstrap #Laravel #PHP #html #CSS #WordPress #Redux #Django #Python #Vuex #100DaysOfCode https://t.co/qecYX3u90H",1544675831636979713
40,en,165329952,2022-07-06T13:32:25.000Z,Day 74: Feature importance with a Random Forest. #datascience #machinelearning #python #artificialintelligence #ai #100DaysOfCode #dataanalytics #programming #coding #datascientist #deeplearning https://t.co/1i5iWyhMPN,1544675639420141569
41,en,1219611787278024705,2022-07-06T13:32:18.000Z,"üí° Tips to improve - Alot of ‚Äôgood advice‚Äô...üëç 

Thoughts? ü§î

Care to share your best tip?

#programming #js #coding #CodeNewbies #100daysOfCode #programminglife #python https://t.co/jwaA1gLHKW",1544675609602924544
42,en,1097580263373185024,2022-07-06T13:32:08.000Z,"Hive LLAP Configuration
https://t.co/hqWJYSUdJf
#BigData #Python #Nodejs #MachineLearning #100daysofmlcode #HTML5 #RStats #Serverless #AI #Flutter #Java #Developer #developers #IoT #100daysofcode #javascript #TensorFlow #pythonlearning #technology #security #programming",1544675568804823043
43,en,1187347536341688320,2022-07-06T13:31:51.000Z,"Coupons Discount - Redux Saga (with React and Redux): Fast-track intro course Courses -&gt; https://t.co/GiMghstYzh

#udemy #Free #webdevelopment #javascript #NodeJs #React #Angular #vuejs #bootstrap #Laravel #PHP #html #CSS #WordPress #Redux #Django #Python #Vuex #100DaysOfCode https://t.co/BIbCcoc080",1544675496775913472
44,en,165329952,2022-07-06T13:31:51.000Z,[News story] Building a modern #Digital #CX: #AI #ML #MachineLearning #DataScientists #CodeNewbies #deeplearning #CyberSecurity #nocode #Python #Coding #javascript #rstats #100DaysOfCode #programming #SQL #MLOps #DataScientist https://t.co/kHiAAQD6t8,1544675493714198529
45,en,165329952,2022-07-06T13:31:32.000Z,#Infographic: 50 Days of #Python Challeng #ArtificialIntelligence #AI #ML #MachineLearning #DataScientists #innovation #CodeNewbies #Tech #deeplearning #CyberSecurity #nocode #Coding #javascript #rstats #100DaysOfCode #programming #SQL #MLOps #DataScience https://t.co/pceUWirm4U,1544675416929091585
46,en,165329952,2022-07-06T13:31:20.000Z,Artificial Intelligence: Applications and Learning Systems #MachineLearning #AI #Python #DataScience #BigData #DeepLearning #IoT #100DaysOfCode #5G #robots #tech #ArtificialIntelligence #NLP #cloud #4IR #cybersecurity ÔºäCapgemini [via Paula Piccard https://t.co/PII9HJqgUw,1544675363934162946
47,in,1949360875,2022-07-06T13:31:14.000Z,#Fresh #audio #music #studio #gear #article by saintjoe | #Retweet #AI #rtitbot '@BlazedRTs '@RexRTs '@sme_rt #php #react #python #nodejs #flutter #webdev #100daysofcode #sound #design #coding | #Follow '@FuturegrooveNET https://t.co/mBjYUza5Kg,1544675340664147972
48,en,1949360875,2022-07-06T13:31:14.000Z,#Fresh #audio #music #studio #gear #article by Chris Devine | #Retweet #AI #rtitbot '@BlazedRTs '@RexRTs '@sme_rt #php #react #python #nodejs #flutter #webdev #100daysofcode #sound #design #coding | #Follow '@FuturegrooveNET https://t.co/qP1gDp5OP5,1544675338512482304
49,en,1949360875,2022-07-06T13:31:13.000Z,#Fresh #audio #music #studio #gear #article by ericadmin | #Retweet #AI #rtitbot '@BlazedRTs '@RexRTs '@sme_rt #php #react #python #nodejs #flutter #webdev #100daysofcode #sound #design #coding | #Follow '@FuturegrooveNET https://t.co/z1hxFyS9Eh,1544675337208041473
50,en,1438668280810680321,2022-07-06T13:30:15.000Z,Google fusion #100DaysOfCode #100daysofcodechallenge #100DaysOfWeb3 #100DaysOfWeb3 #data #DataScience #DataAnalytics #Datavisualization #CyberSecurity #CyberSecurityAwareness #cybersecuritytips #Python #pythonprogramming #Python3 #pythonlearning  #javascript #Java https://t.co/94jPISMo8Y,1544675092898136064
51,en,1417581554,2022-07-06T13:30:05.000Z,"#Python üêç tip:

You can do this to swap dictionary key-pair values, with dictionary comprehension.

üî• üöÄ 

#100DaysOfCode https://t.co/NWAWZ4DB51",1544675049113653248
52,en,1332714745871421443,2022-07-06T13:30:00.000Z,"NEED a #JOB?
Sign up now https://t.co/o7lVlsCHXv
FREE. NO MIDDLEMAN
#AI #Transport #Python #coding #SelfDrivingCars #100DaysOfCode #digitalart #Industry40 #tech #Robotics #NFTs #cryptocurrency #GameFi #WEB3 #DeFi #DAOs #Metaverse #nftart #HR #Webb #BTC #ETH #Meta #NFT #gamedev https://t.co/ZwHrD63R1Z",1544675029677273093
53,qme,82142041,2022-07-06T13:29:16.000Z,#programmer #programming #dotnetforall #100DaysOfCode #DEVCommunity  https://t.co/HKL3nfVSyX,1544674847346905090
54,en,1187347536341688320,2022-07-06T13:29:12.000Z,"Coupons Discount - Create POS System - Inventory &amp; sales with PHP 7 &amp; adminLTE Courses -&gt; https://t.co/ceRJ1qRsId

#udemy #Free #webdevelopment #javascript #NodeJs #React #Angular #vuejs #bootstrap #Laravel #PHP #html #CSS #WordPress #Redux #Django #Python #Vuex #100DaysOfCode https://t.co/QBbUkjSQ5d",1544674827151101953
55,ro,1484060018123362307,2022-07-06T13:29:00.000Z,"Operator Perl in Curl noise Lacunarity
#javaprogramming #learnprogramming #100daysofcode #codingdays  #programmingisfun #javascript #buildtheweb #worldcode #codingdays  #ui #unity #gamedevelopment #codinglife #softwaredeveloper #coding #programmer  #python #Java  #javascript https://t.co/fii0e2DgRX",1544674777545134080
56,en,1300242863263870976,2022-07-06T13:28:25.000Z,"Google Cloud - Associate Cloud Engineer Certification Course

https://t.co/1FxAShqw51

#Google #cloud #DataSecurity #cybersecurity #Linux #DataScience #DataScientist #IoT #RStats #Coding #WomenWhoCode #Python #cloudcomputing #Serverless #100DaysOfCode #100DaysOfMLCode #udemy https://t.co/GDfzHhUTOJ",1544674629998235648
57,en,75673231,2022-07-06T13:27:00.000Z,"The new iris #cybsersecurity standards

https://t.co/aBmxmhCnIu via @BiometricUpdate 

üí• #tech #innovation #AI #digital #Python #flutter #JavaScript #IoT #100DaysofCode #bot #tensorFlow @enricomolinari #cloud #ML #fintech #insurtech #finserv #Metaverse #GovTech #BNPL #marketing",1544674273997889536
58,ht,750814935773437953,2022-07-06T13:25:09.000Z,"üëâ Ou anvi kode ak nou ? 
Ou anvi rejwenn nou =&gt; Klike la: https://t.co/Oq1eQHag6b
.
.
.
#100DaysOfCode #CodingClub  #code9 #coding #programmers #club #challenge",1544673811286695937
59,en,1185930701066997761,2022-07-06T13:24:43.000Z,"Online Courses - MERN Stack Front To Back: Full Stack React, Redux &amp; Node.js -&gt; https://t.co/19qhVqs5nO

#100DaysOfCode #html5 #NodeJs #Angular #WordPress #react #css3 #javascript #vuejs #Python #PHP #MongoDB #redux #Django #bootstrap4 #udemy #Coupons #Free #Discounts https://t.co/srwzh5OJkx",1544673698510082048
60,en,1343372118,2022-07-06T13:24:13.000Z,"We deliver unique work üí∞   
 üêø DM for value-based services  
 #Math 
 #python 
 #Math 
 #Case study
 #Philosophy  
 #100DaysOfCode
 #Case study 
 #Paper pay
 #homework 
 #100DaysOfCode 
 #essaywrite 
 #Philosophy  
 üö© 
 üêø 

 https://t.co/MrEPSqHB5x",1544673575688237056
61,en,75288248,2022-07-06T13:23:43.000Z,"Top Tips If You Want To Learn #JavaScript ‚ö°

JavaScript is currently a very popular language of choice for code beginners. Check out @MrDanishSaleem top tips üëáüëá

https://t.co/EEZr754LQy

#programming #python #coding #100daysofcode #devcommunity #tech #developer #codenewbie",1544673446772219907
62,en,134434122,2022-07-06T13:23:30.000Z,"#FEATURED #COURSES

Machine Learning, Data Science and Deep Learning with Python

Complete hands-on #machine #learning tutorial with #data #science, #Tensorflow, #artificial #intelligence, and neural networks

https://t.co/PaHDf4fIL2

#python #100daysofcode #coding #udemy https://t.co/eaZS7e4CmT",1544673394058297344
63,en,1185930701066997761,2022-07-06T13:23:24.000Z,"Online Courses - Create a Netflix clone from Scratch: JavaScript PHP + MySQL -&gt; https://t.co/JnKHYZq6vn

#100DaysOfCode #html5 #NodeJs #Angular #WordPress #react #css3 #javascript #vuejs #Python #PHP #MongoDB #redux #Django #bootstrap4 #udemy #Coupons #Free #Discounts https://t.co/R0cP2UniA6",1544673369387216907
64,en,1279260776830832640,2022-07-06T13:21:07.000Z,"You should dedicate couple hours a day to engage and like my tweets!! 

Your life will not be the same!

#DEVCommunity #javascript #Python #react #coding #100DaysOfCode https://t.co/FkgW0fdh0P",1544672793131892736
65,en,1332714745871421443,2022-07-06T13:20:00.000Z,"NEED a #JOB?
Sign up now https://t.co/o7lVlsCHXv
FREE. NO MIDDLEMAN
#AI #Transport #Python #coding #SelfDrivingCars #100DaysOfCode #digitalart #Industry40 #tech #Robotics #NFTs #cryptocurrency #GameFi #WEB3 #DeFi #DAOs #Metaverse #nftart #HR #Webb #BTC #ETH #Meta #NFT #gamedev https://t.co/nA6YXf9g3G",1544672514042867712
66,en,1528856711725031425,2022-07-06T13:19:56.000Z,"Hands-On Machine Learning with scikit-learn and Scientific Python Toolkits: A practical guide to implementing supervised and unsupervised m‚Ä¶
 
https://t.co/hSPYm5sJ3h
#python3 #100daysofcode #scikitlearn #programming #machinetheory #programminglanguages",1544672496837959683
67,en,1306030903282544640,2022-07-06T13:18:10.000Z,"I created a Snake game in Python üêç using OOP and the Turtle Moduleüòä 
Enjoyüòö

#100DaysOfCode #100Devs #Python 
#blackwomenintech https://t.co/hQUANcJ0Gp",1544672052644380675
68,en,1485173147649581056,2022-07-06T13:15:36.000Z,"Hey Folks, I have completed Day 3 of the 100 Days of Code Program by CodeIN Community. 
Today I solved: Python for-loop on HackerRank
Find my code: https://t.co/1Y0cOIWb25
Discord-https://t.co/u2Lf10gX1M
#100daysofcodechallenge #codeincommunity #codein100daysofcode #100daysofcode https://t.co/KEhhUQaj6g",1544671405543161856
69,en,1218089591061630977,2022-07-06T13:13:10.000Z,"Coupons Free Discount - Projects in Laravel: Learn Laravel Building 10 Projects, Courses -&gt; https://t.co/X884ioyiBF

#udemy #webdevelopment #javascript #Angular #React #CSS #Django #PHP #Python #bootstrap #vuejs #NodeJs  #html #WordPress #Redux #Vuex #100DaysOfCode",1544670792503672832
70,en,1218089591061630977,2022-07-06T13:12:36.000Z,"Coupons Free Discount - Angular Router Jumpstart &amp; FREE E-Book Courses -&gt; https://t.co/PxLmFM5lRs

#udemy #webdevelopment #javascript #Angular #React #CSS #Django #PHP #Python #bootstrap #vuejs #NodeJs  #html #WordPress #Redux #Vuex #100DaysOfCode",1544670649339506688
71,en,836510570,2022-07-06T13:12:01.000Z,"#Infographic #Python Vs. #R for #DataScience.
By @ingliguori
#programming #DEVCommunity #javascript #100DaysOfMLCode #agile #100DaysOfCode #DevOps #leadership #Marketing #DX #DigitalTransformation #AI 
@antgrasso @pierrepinna @KirkDBorne @HaroldSinnott @andi_staub @mvollmer1 https://t.co/NEefRcouHR",1544670503394316288
72,en,1516141808337977344,2022-07-06T13:11:26.000Z,"Day 60 of #100DaysOfCode 

Made an 9th project : video bTn

And learned allot about bootstrap 

Now starting project 10th
#Python #coding #code #coderlife  #web #webdevelopment #html #css #algorithms  #javascript https://t.co/nPwh6MQwNd",1544670356161859585
73,en,1332714745871421443,2022-07-06T13:10:00.000Z,"NEED a #JOB?
Sign up now https://t.co/o7lVlsl75X
FREE. NO MIDDLEMAN
#AI #Transport #Python #coding #SelfDrivingCars #100DaysOfCode #digitalart #Industry40 #tech #Robotics #NFTs #cryptocurrency #GameFi #WEB3 #DeFi #DAOs #Metaverse #nftart #HR #Webb #BTC #ETH #Meta #NFT #gamedev https://t.co/48mAbhD4Tq",1544669996172845056
74,fr,1300242863263870976,2022-07-06T13:09:54.000Z,"Data Science &amp; Python: Maths, Python Libraries, Statistics

https://t.co/ZWclqni33m

#Math #Algebra #Calculus #DataScience #Data #DataScientist #IoT #Artificial_Intelligence #RStats #Coding #WomenWhoCode #Python #cloudcomputing #Serverless #100DaysOfCode #100DaysOfMLCode #udemy https://t.co/xfmWsUbFAu",1544669970109714433
75,en,957937607471546369,2022-07-06T13:09:17.000Z,"Online Courses - RESTful API with Laravel: Build a real API with Laravel -&gt; https://t.co/rQaKvhCUFS

#100DaysOfCode #html5 #NodeJs #Angular #WordPress #react #css3 #javascript #vuejs #Python #PHP #MongoDB #redux #Django #bootstrap4 #udemy #Coupons #Free #Discounts https://t.co/zhZOgLhqZU",1544669818191654913
76,en,1437082833508438023,2022-07-06T13:09:10.000Z,"#Programming languages and their uses..! ‚ú®üßÅ #100DaysOfCode #coder #cybersecurity #BigData #javascript #technology #java #MachineLearning #pythonprogramming #pythoncode #JobSearch #job #tech #lloT #linux #loT #Online #ai #DataAnalytics #ML #datascience #python #job #Website
*CC https://t.co/kNeoVURbdt",1544669785606193154
77,en,1978602373,2022-07-06T13:08:25.000Z,"Can anyone help me with collecting #gtrends #daily data?
#Coding
#100DaysOfCode
#Python
#r
#helpinghand 
#github",1544669596460150785
78,en,29158151,2022-07-06T13:07:58.000Z,"üá¨üáß Python Scripting Complete Course
üîóhttps://t.co/N5Q0MCZRCv
üÜì 4 days or 770 registrations left
#ITCertifications #Software #udemyfree #courses #udemycoupon #Python #onlinecourses #developer #Udemy #100DaysOfCode #programming https://t.co/NaGbl29QyF",1544669484052512768
79,en,1949360875,2022-07-06T13:07:52.000Z,#Fresh #House #Bass #EDM #release by Boiler Room | #Retweet #AI #rtitbot '@BlazedRTs '@RexRTs '@sme_rt #php #react #python #nodejs #flutter #webdev #100daysofcode #sound #design #coding | #Buy the #music https://t.co/WRCDNjr6Dk,1544669462095228928
80,en,1949360875,2022-07-06T13:07:51.000Z,#Fresh #House #Bass #EDM #release by Boiler Room | #Retweet #AI #rtitbot '@BlazedRTs '@RexRTs '@sme_rt #php #react #python #nodejs #flutter #webdev #100daysofcode #sound #design #coding | #Buy the #music https://t.co/6DFgVXwAFa,1544669456680374273
81,en,134434122,2022-07-06T13:07:29.000Z,"100 Days of Code: The Complete #Python Pro #Bootcamp for 2022

Master #Python by building 100 projects in 100 days. Learn data science, automation, build websites, games and apps!

https://t.co/2rhmVBeKQ1

#udemy #online #courses #onlinecourses #100daysofcode #womenwhocode https://t.co/xkkRciXOk2",1544669364753993728
82,en,957937607471546369,2022-07-06T13:07:25.000Z,"Online Courses - Django 2.2 &amp; Python | The Ultimate Web Development Bootcamp -&gt; https://t.co/oJQOwr3S7k

#100DaysOfCode #html5 #NodeJs #Angular #WordPress #react #css3 #javascript #vuejs #Python #PHP #MongoDB #redux #Django #bootstrap4 #udemy #Coupons #Free #Discounts https://t.co/pvTT33eDFz",1544669348509257728
83,es,1543161385898713088,2022-07-06T13:07:10.000Z,"Reg√≠strese hoy y obtenga un 87% de descuento 
üëá
https://t.co/jcHCLYCPaS 
#creativecoding #coding #css #facebookads #Javascript #ReactJS #blender3d #python #AE #Java #tienda #100DaysOfCode #gamedev #openSource #dataScience  #animation #cinema4d
https://t.co/Tp2czetnCv",1544669285100003329
84,en,1528856711725031425,2022-07-06T13:05:35.000Z,"#coding #pythonprogramming #intelligence #investing #100daysofcode #python #algorithmictrading 
 
https://t.co/uX3J3JO8Di
 
Machine Learning for Algorithmic Trading: Predictive models to extract signals from market and alternative data for systematic trading stra‚Ä¶",1544668886125215752
85,en,1343372118,2022-07-06T13:04:12.000Z,"We deliver unique work üåπ   
 üî´ DM for value-based services  
 #Case study 
 #100DaysOfCode 
 #homework 
 #python
 #Case study 
 #Essay help
 #Case study 
 #Case study
 #Paper pay 
 #homework 
 #Homework  
 #Math 
 üöó 
 üêÑ 

 https://t.co/MrEPSqHB5x",1544668535946764289
86,en,331552579,2022-07-06T13:00:34.000Z,"#Python #Pro #tip üí°

When you're not really modifying the list and want to have some basic operations such as min, max or sum; use generators instead. ‚ö°Ô∏è

They're huge memory savers! üíØ

#coding #programming #100DaysOfCode #CodeNewbie #GettingResults #gettingthingsdone https://t.co/kbsw3A2StO",1544667620904882176
87,en,1332714745871421443,2022-07-06T13:00:01.000Z,"NEED a #JOB?
Sign up now https://t.co/o7lVlsCHXv
FREE. NO MIDDLEMEN
#WomenWhoCode #Programming #Coding #gamers #indiedev #IndieGameDev #indie #indieauthors #Science #LGBT #LGBTQ #Infosec #100DaysOfCode #cybersecurity #javascript  #GirlsWhoCode #Python #gamedevs #BTC #ETH #HR #NFT https://t.co/BABPKnvTgn",1544667484006928385
88,en,148001227,2022-07-06T12:59:58.000Z,"Don't be too hard on yourself. You might already be doing better than you think.

#CodeNewbie #DEVCommunity #100DaysOfCode #programming #JavaScript #python #java https://t.co/4Bv7FxxBEf",1544667471147401216
89,en,1417581554,2022-07-06T12:58:52.000Z,"#Python üêç tip:

You can create a nested dictionary from three lists, with dictionary comprehension and zip function.

üî• üöÄ 

#100DaysOfCode https://t.co/TzySBeN46I",1544667194784501761
90,en,922109833637126147,2022-07-06T12:57:39.000Z,"[BEST] #Udemy Microservices with Node JS and React [2022 Edition] | +54 Hours Course 

‚û°Ô∏è https://t.co/xnbg1ph4NL 

#Microservices #Programming #JavaScript #Developer  #NodeJS #ReactJS #Redux #Programmers #CSS2022 #HTML5 #PHP #Python #100DaysOfCode #WomenWhoCode #CodeNewbies",1544666889929912325
91,en,1264433760,2022-07-06T12:56:37.000Z,"‚ö°Ô∏è #Infographic: #DataScience Timeline

v/ @FavioVaz RT @Khulood_Almani
#Data #Analytics #BigData #AI #Machinelearning #ML #IoT #IIoT #IoTPL #IoTCL #Python #TensorFlow #Web3 #blockchain #Fintech #Coding #100daysofcode #WomenInSTEM #business #Cloud #CyberSecurity #Tech #innovation https://t.co/1Gcg0m0pAs https://t.co/47CYsi5Cgu",1544666627689648129
92,en,1090133188561776641,2022-07-06T12:56:01.000Z,"How old is your programming language!

üé®cognitivecybersecurity
#Python #Nodejs #MachineLearning #100daysofmlcode #HTML5 #RStats #Serverless #AI #Flutter #Java #Developer #developers #100daysofcode #javascript #pythonlearning #technology #security #programming 
@CurieuxExplorer https://t.co/bkOwXemnnm",1544666476275126272
93,en,1372120672432844801,2022-07-06T12:54:39.000Z,"Coupons Free Discount - React, NodeJS, Express &amp; MongoDB - The MERN Fullstack Guide Courses -&gt; https://t.co/sAEPFMTxw8

#udemy #webdevelopment #javascript #Angular #React #CSS #Django #PHP #Python #bootstrap #vuejs #NodeJs  #html #WordPress #Redux #Vuex #100DaysOfCode",1544666133001019392
94,en,1372120672432844801,2022-07-06T12:53:47.000Z,"Coupons Free Discount - React - Mastering Test Driven Development Courses -&gt; https://t.co/1UCEuCRz8z

#udemy #webdevelopment #javascript #Angular #React #CSS #Django #PHP #Python #bootstrap #vuejs #NodeJs  #html #WordPress #Redux #Vuex #100DaysOfCode",1544665914821742593
95,en,813080485081600001,2022-07-06T12:53:20.000Z,"#100DaysOfCode 

Day 4

Language - Python

Learnings 

1)Randomisation in Python
2)Python Loops:-
For loops and While loops 

Project:
Built a random password generator",1544665804591202304
96,qme,4518345435,2022-07-06T12:52:35.000Z,"https://t.co/X4TwNQOX3W

#100DaysOfCode #algorithm #DEVCommunity #indiedev #Python #developers #career #codinglife #learntocode #programming #javascript #Coding #Java #DSA #pythonchallenge #pythoncode #FAANG #programmer 
#AI #MachineLearning",1544665615339855873
97,qme,1186608904718954498,2022-07-06T12:52:24.000Z,"https://t.co/MHpoWhddwx

#100DaysOfCode #algorithm #DEVCommunity #indiedev #Python #developers #career #codinglife #learntocode #programming #javascript #Coding #Java #DSA #pythonchallenge #pythoncode #FAANG #programmer #AI #MachineLearnin",1544665566996271104
